INSERT INTO UTENTE (Nickname, Nome, Foto_profilo, Data_di_nascita, Genere, Pronomi, Biografia, Telefono, Verificato, Link, Contenuti_sensibili) VALUES
('alice22', 'Alice Bianchi', 'https://example.com/profiles/alice.jpg', '1995-03-15', 'Femmina', 'lei/la', 'Appassionata di fotografia e viaggi', '3456789012', TRUE, 'https://aliceportfolio.com', TRUE),
('bob_tech', 'Roberto Rossi', 'https://example.com/profiles/bob.jpg', '1990-07-22', 'Maschio', 'lui/lo', 'Sviluppatore software e gamer', '3331234567', FALSE, NULL, FALSE),
('charlie_g', 'Carlo Verdi', 'https://example.com/profiles/charlie.jpg', '1988-11-30', 'Maschio', 'lui/lo', 'Musicista e compositore', '3476543210', FALSE, 'https://charlie-music.com', TRUE),
('diana_s', 'Diana Santoro', 'https://example.com/profiles/diana.jpg', '1993-05-18', 'Femmina', 'lei/la', 'Studentessa di medicina', '3287654321', FALSE, NULL, FALSE),
('evan_art', 'Eva Neri', 'https://example.com/profiles/evan.jpg', '1997-09-10', 'Non-binario', 'loro', 'Artista digitale e illustratore', '3665432198', TRUE, 'https://evan-art.com', TRUE),
('frank_w', 'Francesco White', 'https://example.com/profiles/frank.jpg', '1985-12-05', 'Maschio', 'lui/lo', 'Scrittore e blogger', '3409876543', FALSE, 'https://frankwrites.com', FALSE),
('gina_p', 'Gina Pausini', 'https://example.com/profiles/gina.jpg', '1992-02-28', 'Femmina', 'lei/la', 'Cuoca e food blogger', '3334567890', TRUE, 'https://ginacooks.com', TRUE),
('harry_s', 'Harrison Smith', 'https://example.com/profiles/harry.jpg', '1998-08-15', 'Maschio', 'lui/lo', 'Studente di ingegneria', '3298765432', FALSE, NULL, FALSE),
('iris_m', 'Iris Mariani', 'https://example.com/profiles/iris.jpg', '1991-04-20', 'Femmina', 'lei/la', 'Fotografa professionista', '3487654321', TRUE, 'https://irismariani.photo', TRUE),
('jack_r', 'Jack Russo', 'https://example.com/profiles/jack.jpg', '1987-10-12', 'Maschio', 'lui/lo', 'Personal trainer e nutrizionista', '3345678901', FALSE, 'https://jackfitness.com', FALSE),
('kate_b', 'Kate Brown', 'https://example.com/profiles/kate.jpg', '1994-06-25', 'Femmina', 'lei/la', 'Viaggiatrice e influencer', '3456789012', TRUE, 'https://katearound.com', TRUE),
('leo_d', 'Leonardo De Luca', 'https://example.com/profiles/leo.jpg', '1996-01-08', 'Maschio', 'lui/lo', 'Appassionato di tecnologia', '3339876543', FALSE, NULL, FALSE),
('mia_c', 'Mia Conti', 'https://example.com/profiles/mia.jpg', '1999-07-03', 'Femmina', 'lei/la', 'Studentessa universitaria', '3287654321', FALSE, NULL, TRUE),
('nick_g', 'Nicola Greco', 'https://example.com/profiles/nick.jpg', '1989-11-17', 'Maschio', 'lui/lo', 'Sviluppatore web freelance', '3476543210', FALSE, 'https://nickdev.com', FALSE),
('olivia_f', 'Olivia Ferrari', 'https://example.com/profiles/olivia.jpg', '1993-09-22', 'Femmina', 'lei/la', 'Giornalista sportiva', '3665432198', TRUE, 'https://oliviasports.com', TRUE),
('paul_m', 'Paolo Moretti', 'https://example.com/profiles/paul.jpg', '1986-04-14', 'Maschio', 'lui/lo', 'Architetto e designer', '3409876543', FALSE, 'https://pauldesign.com', FALSE),
('quinn_s', 'Quinn Santini', 'https://example.com/profiles/quinn.jpg', '1997-12-30', 'Non-binario', 'loro', 'Attivista e scrittore', '3334567890', FALSE, 'https://quinnwrites.com', TRUE),
('rachel_g', 'Rachel Green', 'https://example.com/profiles/rachel.jpg', '1990-02-11', 'Femmina', 'lei/la', 'Psicologa clinica', '3298765432', FALSE, NULL, FALSE),
('sam_t', 'Samuele Trentini', 'https://example.com/profiles/sam.jpg', '1995-08-07', 'Maschio', 'lui/lo', 'Musicista e insegnante', '3487654321', FALSE, 'https://samuelmusic.com', FALSE),
('tina_v', 'Tina Villa', 'https://example.com/profiles/tina.jpg', '1992-05-19', 'Femmina', 'lei/la', 'Influencer di moda', '3345678901', TRUE, 'https://tinastyle.com', TRUE),
('ugo_b', 'Ugo Barbieri', 'https://example.com/profiles/ugo.jpg', '1988-10-23', 'Maschio', 'lui/lo', 'Chef e ristoratore', '3456789012', FALSE, 'https://ugocuisine.com', FALSE),
('vicky_l', 'Vicky Lombardi', 'https://example.com/profiles/vicky.jpg', '1996-03-28', 'Femmina', 'lei/la', 'Youtuber e content creator', '3339876543', TRUE, 'https://vickyvlogs.com', TRUE),
('will_c', 'William Costa', 'https://example.com/profiles/will.jpg', '1991-07-16', 'Maschio', 'lui/lo', 'Imprenditore digitale', '3287654321', FALSE, 'https://willenterprise.com', FALSE),
('xena_k', 'Xena Kowalski', 'https://example.com/profiles/xena.jpg', '1998-11-05', 'Femmina', 'lei/la', 'Studentessa di legge', '3476543210', FALSE, NULL, TRUE),
('yuri_m', 'Yuri Martini', 'https://example.com/profiles/yuri.jpg', '1994-01-29', 'Maschio', 'lui/lo', 'Gamer e streamer', '3665432198', TRUE, 'https://yuristream.com', TRUE),
('zoe_r', 'Zoe Romano', 'https://example.com/profiles/zoe.jpg', '1993-09-12', 'Femmina', 'lei/la', 'Fotografa di matrimoni', '3409876543', FALSE, 'https://zoephoto.com', FALSE),
('adam_j', 'Adam Johnson', 'https://example.com/profiles/adam.jpg', '1987-06-08', 'Maschio', 'lui/lo', 'Scrittore fantasy', '3334567890', FALSE, 'https://adamfantasy.com', FALSE),
('bella_p', 'Bella Parker', 'https://example.com/profiles/bella.jpg', '1995-04-17', 'Femmina', 'lei/la', 'Modella e influencer', '3298765432', TRUE, 'https://bellamodel.com', TRUE),
('carl_s', 'Carl Smith', 'https://example.com/profiles/carl.jpg', '1990-12-03', 'Maschio', 'lui/lo', 'Ingegnere meccanico', '3487654321', FALSE, NULL, FALSE),
('daisy_m', 'Daisy Miller', 'https://example.com/profiles/daisy.jpg', '1997-02-14', 'Femmina', 'lei/la', 'Fioraia e artista', '3345678901', FALSE, 'https://daisyflowers.com', TRUE),
('eddie_v', 'Eddie Valenti', 'https://example.com/profiles/eddie.jpg', '1992-08-09', 'Maschio', 'lui/lo', 'Musicista jazz', '3456789012', FALSE, 'https://eddieplaysjazz.com', FALSE),
('fiona_g', 'Fiona Green', 'https://example.com/profiles/fiona.jpg', '1989-05-26', 'Femmina', 'lei/la', 'Avvocato penalista', '3339876543', TRUE, 'https://fionalaw.com', FALSE),
('george_k', 'George King', 'https://example.com/profiles/george.jpg', '1996-10-31', 'Maschio', 'lui/lo', 'Videomaker e regista', '3287654321', FALSE, 'https://georgefilms.com', TRUE),
('hannah_s', 'Hannah Scott', 'https://example.com/profiles/hannah.jpg', '1994-07-22', 'Femmina', 'lei/la', 'Insegnante di yoga', '3476543210', FALSE, 'https://hannahyoga.com', FALSE),
('ivan_p', 'Ivan Petrov', 'https://example.com/profiles/ivan.jpg', '1991-01-15', 'Maschio', 'lui/lo', 'Programmatore e hacker etico', '3665432198', FALSE, 'https://ivansecurity.com', FALSE),
('jill_w', 'Jill Wilson', 'https://example.com/profiles/jill.jpg', '1998-03-08', 'Femmina', 'lei/la', 'Studentessa di medicina', '3409876543', FALSE, NULL, TRUE),
('kevin_l', 'Kevin Lee', 'https://example.com/profiles/kevin.jpg', '1993-11-19', 'Maschio', 'lui/lo', 'Giornalista investigativo', '3334567890', TRUE, 'https://kevinreports.com', FALSE),
('lily_c', 'Lily Chen', 'https://example.com/profiles/lily.jpg', '1997-09-04', 'Femmina', 'lei/la', 'Artista digitale', '3298765432', FALSE, 'https://lilydigitalart.com', TRUE),
('mike_b', 'Mike Brown', 'https://example.com/profiles/mike.jpg', '1988-04-27', 'Maschio', 'lui/lo', 'Personal finance coach', '3487654321', FALSE, 'https://mikemoney.com', FALSE),
('nina_s', 'Nina Sanchez', 'https://example.com/profiles/nina.jpg', '1995-12-12', 'Femmina', 'lei/la', 'Modella e attrice', '3345678901', TRUE, 'https://ninamodel.com', TRUE),
('oscar_t', 'Oscar Taylor', 'https://example.com/profiles/oscar.jpg', '1990-06-30', 'Maschio', 'lui/lo', 'Scrittore di viaggi', '3456789012', FALSE, 'https://oscartravels.com', FALSE),
('paula_r', 'Paula Rodriguez', 'https://example.com/profiles/paula.jpg', '1994-02-23', 'Femmina', 'lei/la', 'Psicologa infantile', '3339876543', FALSE, 'https://paulapsy.com', FALSE),
('quentin_g', 'Quentin Garcia', 'https://example.com/profiles/quentin.jpg', '1996-08-17', 'Maschio', 'lui/lo', 'Fotografo di strada', '3287654321', FALSE, 'https://quentinstreet.com', TRUE),
('rose_k', 'Rose Kim', 'https://example.com/profiles/rose.jpg', '1992-05-09', 'Femmina', 'lei/la', 'Chef pasticcera', '3476543210', TRUE, 'https://rosebakes.com', TRUE),
('steve_m', 'Steve Martin', 'https://example.com/profiles/steve.jpg', '1989-10-28', 'Maschio', 'lui/lo', 'Podcaster e comico', '3665432198', FALSE, 'https://stevepodcast.com', FALSE),
('tara_j', 'Tara Jones', 'https://example.com/profiles/tara.jpg', '1997-03-14', 'Femmina', 'lei/la', 'Influencer fitness', '3409876543', TRUE, 'https://tarafit.com', TRUE),
('ulysses_c', 'Ulysses Carter', 'https://example.com/profiles/ulysses.jpg', '1993-07-21', 'Maschio', 'lui/lo', 'Avventuriero e alpinista', '3334567890', FALSE, 'https://ulyssesadventures.com', TRUE),
('violet_p', 'Violet Parker', 'https://example.com/profiles/violet.jpg', '1998-11-05', 'Femmina', 'lei/la', 'Studentessa di arte', '3298765432', FALSE, NULL, FALSE),
('walter_b', 'Walter Brown', 'https://example.com/profiles/walter.jpg', '1986-09-12', 'Maschio', 'lui/lo', 'Giornalista in pensione', '3487654321', FALSE, 'https://walterwrites.com', FALSE),
('xander_l', 'Xander Lee', 'https://example.com/profiles/xander.jpg', '1995-04-03', 'Maschio', 'lui/lo', 'Sviluppatore di app', '3345678901', FALSE, 'https://xanderdev.com', TRUE);

INSERT INTO UTENTE_CREDENZIALI (ID_Utente, E_mail, Pass) VALUES
(1, 'alice.bianchi@email.com', '$2y$10$N9qo8uLOickgx2ZMRZoMy.MH/r7Vw0YREB0Xj2Z4D5A0Tf6Yjb.9a'),
(2, 'bob.rossi@email.com', '$2y$10$N9qo8uLOickgx2ZMRZoMy.MH/r7Vw0YREB0Xj2Z4D5A0Tf6Yjb.9a'),
(3, 'charlie.verdi@email.com', '$2y$10$N9qo8uLOickgx2ZMRZoMy.MH/r7Vw0YREB0Xj2Z4D5A0Tf6Yjb.9a'),
(4, 'diana.santoro@email.com', '$2y$10$N9qo8uLOickgx2ZMRZoMy.MH/r7Vw0YREB0Xj2Z4D5A0Tf6Yjb.9a'),
(5, 'evan.neri@email.com', '$2y$10$N9qo8uLOickgx2ZMRZoMy.MH/r7Vw0YREB0Xj2Z4D5A0Tf6Yjb.9a'),
(6, 'frank.white@email.com', '$2y$10$N9qo8uLOickgx2ZMRZoMy.MH/r7Vw0YREB0Xj2Z4D5A0Tf6Yjb.9a'),
(7, 'gina.pausini@email.com', '$2y$10$N9qo8uLOickgx2ZMRZoMy.MH/r7Vw0YREB0Xj2Z4D5A0Tf6Yjb.9a'),
(8, 'harry.smith@email.com', '$2y$10$N9qo8uLOickgx2ZMRZoMy.MH/r7Vw0YREB0Xj2Z4D5A0Tf6Yjb.9a'),
(9, 'iris.mariani@email.com', '$2y$10$N9qo8uLOickgx2ZMRZoMy.MH/r7Vw0YREB0Xj2Z4D5A0Tf6Yjb.9a'),
(10, 'jack.russo@email.com', '$2y$10$N9qo8uLOickgx2ZMRZoMy.MH/r7Vw0YREB0Xj2Z4D5A0Tf6Yjb.9a'),
(11, 'kate.brown@email.com', '$2y$10$N9qo8uLOickgx2ZMRZoMy.MH/r7Vw0YREB0Xj2Z4D5A0Tf6Yjb.9a'),
(12, 'leo.deluca@email.com', '$2y$10$N9qo8uLOickgx2ZMRZoMy.MH/r7Vw0YREB0Xj2Z4D5A0Tf6Yjb.9a'),
(13, 'mia.conti@email.com', '$2y$10$N9qo8uLOickgx2ZMRZoMy.MH/r7Vw0YREB0Xj2Z4D5A0Tf6Yjb.9a'),
(14, 'nick.greco@email.com', '$2y$10$N9qo8uLOickgx2ZMRZoMy.MH/r7Vw0YREB0Xj2Z4D5A0Tf6Yjb.9a'),
(15, 'olivia.ferrari@email.com', '$2y$10$N9qo8uLOickgx2ZMRZoMy.MH/r7Vw0YREB0Xj2Z4D5A0Tf6Yjb.9a'),
(16, 'paul.moretti@email.com', '$2y$10$N9qo8uLOickgx2ZMRZoMy.MH/r7Vw0YREB0Xj2Z4D5A0Tf6Yjb.9a'),
(17, 'quinn.santini@email.com', '$2y$10$N9qo8uLOickgx2ZMRZoMy.MH/r7Vw0YREB0Xj2Z4D5A0Tf6Yjb.9a'),
(18, 'rachel.green@email.com', '$2y$10$N9qo8uLOickgx2ZMRZoMy.MH/r7Vw0YREB0Xj2Z4D5A0Tf6Yjb.9a'),
(19, 'sam.trentini@email.com', '$2y$10$N9qo8uLOickgx2ZMRZoMy.MH/r7Vw0YREB0Xj2Z4D5A0Tf6Yjb.9a'),
(20, 'tina.villa@email.com', '$2y$10$N9qo8uLOickgx2ZMRZoMy.MH/r7Vw0YREB0Xj2Z4D5A0Tf6Yjb.9a'),
(21, 'ugo.barbieri@email.com', '$2y$10$N9qo8uLOickgx2ZMRZoMy.MH/r7Vw0YREB0Xj2Z4D5A0Tf6Yjb.9a'),
(22, 'vicky.lombardi@email.com', '$2y$10$N9qo8uLOickgx2ZMRZoMy.MH/r7Vw0YREB0Xj2Z4D5A0Tf6Yjb.9a'),
(23, 'will.costa@email.com', '$2y$10$N9qo8uLOickgx2ZMRZoMy.MH/r7Vw0YREB0Xj2Z4D5A0Tf6Yjb.9a'),
(24, 'xena.kowalski@email.com', '$2y$10$N9qo8uLOickgx2ZMRZoMy.MH/r7Vw0YREB0Xj2Z4D5A0Tf6Yjb.9a'),
(25, 'yuri.martini@email.com', '$2y$10$N9qo8uLOickgx2ZMRZoMy.MH/r7Vw0YREB0Xj2Z4D5A0Tf6Yjb.9a'),
(26, 'zoe.romano@email.com', '$2y$10$N9qo8uLOickgx2ZMRZoMy.MH/r7Vw0YREB0Xj2Z4D5A0Tf6Yjb.9a'),
(27, 'adam.johnson@email.com', '$2y$10$N9qo8uLOickgx2ZMRZoMy.MH/r7Vw0YREB0Xj2Z4D5A0Tf6Yjb.9a'),
(28, 'bella.parker@email.com', '$2y$10$N9qo8uLOickgx2ZMRZoMy.MH/r7Vw0YREB0Xj2Z4D5A0Tf6Yjb.9a'),
(29, 'carl.smith@email.com', '$2y$10$N9qo8uLOickgx2ZMRZoMy.MH/r7Vw0YREB0Xj2Z4D5A0Tf6Yjb.9a'),
(30, 'daisy.miller@email.com', '$2y$10$N9qo8uLOickgx2ZMRZoMy.MH/r7Vw0YREB0Xj2Z4D5A0Tf6Yjb.9a'),
(31, 'eddie.valenti@email.com', '$2y$10$N9qo8uLOickgx2ZMRZoMy.MH/r7Vw0YREB0Xj2Z4D5A0Tf6Yjb.9a'),
(32, 'fiona.green@email.com', '$2y$10$N9qo8uLOickgx2ZMRZoMy.MH/r7Vw0YREB0Xj2Z4D5A0Tf6Yjb.9a'),
(33, 'george.king@email.com', '$2y$10$N9qo8uLOickgx2ZMRZoMy.MH/r7Vw0YREB0Xj2Z4D5A0Tf6Yjb.9a'),
(34, 'hannah.scott@email.com', '$2y$10$N9qo8uLOickgx2ZMRZoMy.MH/r7Vw0YREB0Xj2Z4D5A0Tf6Yjb.9a'),
(35, 'ivan.petrov@email.com', '$2y$10$N9qo8uLOickgx2ZMRZoMy.MH/r7Vw0YREB0Xj2Z4D5A0Tf6Yjb.9a'),
(36, 'jill.wilson@email.com', '$2y$10$N9qo8uLOickgx2ZMRZoMy.MH/r7Vw0YREB0Xj2Z4D5A0Tf6Yjb.9a'),
(37, 'kevin.lee@email.com', '$2y$10$N9qo8uLOickgx2ZMRZoMy.MH/r7Vw0YREB0Xj2Z4D5A0Tf6Yjb.9a'),
(38, 'lily.chen@email.com', '$2y$10$N9qo8uLOickgx2ZMRZoMy.MH/r7Vw0YREB0Xj2Z4D5A0Tf6Yjb.9a'),
(39, 'mike.brown@email.com', '$2y$10$N9qo8uLOickgx2ZMRZoMy.MH/r7Vw0YREB0Xj2Z4D5A0Tf6Yjb.9a'),
(40, 'nina.sanchez@email.com', '$2y$10$N9qo8uLOickgx2ZMRZoMy.MH/r7Vw0YREB0Xj2Z4D5A0Tf6Yjb.9a'),
(41, 'oscar.taylor@email.com', '$2y$10$N9qo8uLOickgx2ZMRZoMy.MH/r7Vw0YREB0Xj2Z4D5A0Tf6Yjb.9a'),
(42, 'paula.rodriguez@email.com', '$2y$10$N9qo8uLOickgx2ZMRZoMy.MH/r7Vw0YREB0Xj2Z4D5A0Tf6Yjb.9a'),
(43, 'quentin.garcia@email.com', '$2y$10$N9qo8uLOickgx2ZMRZoMy.MH/r7Vw0YREB0Xj2Z4D5A0Tf6Yjb.9a'),
(44, 'rose.kim@email.com', '$2y$10$N9qo8uLOickgx2ZMRZoMy.MH/r7Vw0YREB0Xj2Z4D5A0Tf6Yjb.9a'),
(45, 'steve.martin@email.com', '$2y$10$N9qo8uLOickgx2ZMRZoMy.MH/r7Vw0YREB0Xj2Z4D5A0Tf6Yjb.9a'),
(46, 'tara.jones@email.com', '$2y$10$N9qo8uLOickgx2ZMRZoMy.MH/r7Vw0YREB0Xj2Z4D5A0Tf6Yjb.9a'),
(47, 'ulysses.carter@email.com', '$2y$10$N9qo8uLOickgx2ZMRZoMy.MH/r7Vw0YREB0Xj2Z4D5A0Tf6Yjb.9a'),
(48, 'violet.parker@email.com', '$2y$10$N9qo8uLOickgx2ZMRZoMy.MH/r7Vw0YREB0Xj2Z4D5A0Tf6Yjb.9a'),
(49, 'walter.brown@email.com', '$2y$10$N9qo8uLOickgx2ZMRZoMy.MH/r7Vw0YREB0Xj2Z4D5A0Tf6Yjb.9a'),
(50, 'xander.lee@email.com', '$2y$10$N9qo8uLOickgx2ZMRZoMy.MH/r7Vw0YREB0Xj2Z4D5A0Tf6Yjb.9a');

INSERT INTO FOLLOW (ID_Sender, ID_Followed, Data_ora) VALUES
(1, 2, '2023-01-15 10:30:00'),
(2, 1, '2023-01-16 11:45:00'),
(3, 1, '2023-01-17 09:15:00'),
(1, 3, '2023-01-18 14:20:00'),
(4, 5, '2023-01-19 16:30:00'),
(5, 4, '2023-01-20 08:45:00'),
(6, 7, '2023-01-21 12:10:00'),
(7, 8, '2023-01-22 15:25:00'),
(8, 9, '2023-01-23 17:40:00'),
(9, 10, '2023-01-24 19:55:00'),
(10, 11, '2023-01-25 21:05:00'),
(11, 12, '2023-01-26 22:15:00'),
(12, 13, '2023-01-27 23:25:00'),
(13, 14, '2023-01-28 10:35:00'),
(14, 15, '2023-01-29 11:45:00'),
(15, 16, '2023-01-30 12:55:00'),
(16, 17, '2023-01-31 13:05:00'),
(17, 18, '2023-02-01 14:15:00'),
(18, 19, '2023-02-02 15:25:00'),
(19, 20, '2023-02-03 16:35:00'),
(20, 21, '2023-02-04 17:45:00'),
(21, 22, '2023-02-05 18:55:00'),
(22, 23, '2023-02-06 19:05:00'),
(23, 24, '2023-02-07 20:15:00'),
(24, 25, '2023-02-08 21:25:00'),
(25, 26, '2023-02-09 22:35:00'),
(26, 27, '2023-02-10 23:45:00'),
(27, 28, '2023-02-11 10:55:00'),
(28, 29, '2023-02-12 11:05:00'),
(29, 30, '2023-02-13 12:15:00'),
(30, 31, '2023-02-14 13:25:00'),
(31, 32, '2023-02-15 14:35:00'),
(32, 33, '2023-02-16 15:45:00'),
(33, 34, '2023-02-17 16:55:00'),
(34, 35, '2023-02-18 17:05:00'),
(35, 36, '2023-02-19 18:15:00'),
(36, 37, '2023-02-20 19:25:00'),
(37, 38, '2023-02-21 20:35:00'),
(38, 39, '2023-02-22 21:45:00'),
(39, 40, '2023-02-23 22:55:00'),
(40, 41, '2023-02-24 23:05:00'),
(41, 42, '2023-02-25 10:15:00'),
(42, 43, '2023-02-26 11:25:00'),
(43, 44, '2023-02-27 12:35:00'),
(44, 45, '2023-02-28 13:45:00'),
(45, 46, '2023-03-01 14:55:00'),
(46, 47, '2023-03-02 15:05:00'),
(47, 48, '2023-03-03 16:15:00'),
(48, 49, '2023-03-04 17:25:00'),
(49, 50, '2023-03-05 18:35:00'),
(50, 1, '2023-03-06 19:45:00');

INSERT INTO GRUPPO (Nome, Foto_gruppo, Descrizione) VALUES
('Fotografia Amatoriale', 'https://example.com/groups/photography.jpg', 'Gruppo per appassionati di fotografia'),
('Programmatori Italiani', 'https://example.com/groups/programmers.jpg', 'Condividi e impara con altri programmatori'),
('Viaggiatori Instancabili', 'https://example.com/groups/travel.jpg', 'Racconti e consigli di viaggio'),
('Cucina Creativa', 'https://example.com/groups/cooking.jpg', 'Ricette e tecniche di cucina'),
('Musica Indipendente', 'https://example.com/groups/music.jpg', 'Scopri nuovi artisti e band indipendenti'),
('Cinema Classico', 'https://example.com/groups/movies.jpg', 'Appassionati di cinema d autore'),
('Fitness a Casa', 'https://example.com/groups/fitness.jpg', 'Allenamenti e consigli per restare in forma'),
('Libri da Leggere', 'https://example.com/groups/books.jpg', 'Recensioni e consigli di lettura'),
('Arte Digitale', 'https://example.com/groups/digitalart.jpg', 'Mostra e discuti opere d arte digitale'),
('Giardinaggio Urbano', 'https://example.com/groups/gardening.jpg', 'Coltiva il tuo spazio verde in città'),
('Startup Italia', 'https://example.com/groups/startup.jpg', 'Per aspiranti imprenditori e innovatori'),
('Yoga e Meditazione', 'https://example.com/groups/yoga.jpg', 'Pratica e condividi il tuo percorso yoga'),
('Fotografia di Viaggio', 'https://example.com/groups/travelphoto.jpg', 'Le migliori foto dai tuoi viaggi'),
('Scrittura Creativa', 'https://example.com/groups/writing.jpg', 'Esercizi e consigli per scrittori'),
('Tecnologia Futuristica', 'https://example.com/groups/tech.jpg', 'Le ultime novità nel mondo tech'),
('Moda Sostenibile', 'https://example.com/groups/fashion.jpg', 'Moda etica e sostenibile'),
('Gaming Italiano', 'https://example.com/groups/gaming.jpg', 'Per tutti gli appassionati di videogiochi'),
('Cocktail e Mixology', 'https://example.com/groups/cocktails.jpg', 'Ricette e tecniche per cocktail perfetti'),
('Architettura Moderna', 'https://example.com/groups/architecture.jpg', 'Discussioni su design e architettura'),
('Animali Domestici', 'https://example.com/groups/pets.jpg', 'Condividi foto e storie dei tuoi animali'),
('Astronomia Amatoriale', 'https://example.com/groups/astronomy.jpg', 'Osservazioni e curiosità astronomiche'),
('Running Urbano', 'https://example.com/groups/running.jpg', 'Percorsi e consigli per corridori urbani'),
('Pittura ad Acquerello', 'https://example.com/groups/watercolor.jpg', 'Tecniche e tutorial per acquerellisti'),
('Vegan Lifestyle', 'https://example.com/groups/vegan.jpg', 'Ricette e consigli per una vita vegan'),
('Fai da Te', 'https://example.com/groups/diy.jpg', 'Progetti e riparazioni fai da te'),
('Fotografia Naturalistica', 'https://example.com/groups/naturephoto.jpg', 'La bellezza della natura attraverso l obiettivo'),
('Lingue Straniere', 'https://example.com/groups/languages.jpg', 'Impara e pratica lingue straniere'),
('Bicicletta in Città', 'https://example.com/groups/biking.jpg', 'Ciclisti urbani e percorsi cittadini'),
('Finanza Personale', 'https://example.com/groups/finance.jpg', 'Gestione del budget e investimenti'),
('Teatro e Drammaturgia', 'https://example.com/groups/theater.jpg', 'Appassionati di teatro e recitazione'),
('Fotografia Ritrattistica', 'https://example.com/groups/portrait.jpg', 'Tecniche per ritratti perfetti'),
('Caffè Speciali', 'https://example.com/groups/coffee.jpg', 'Degustazione e preparazione del caffè'),
('Arte di Strada', 'https://example.com/groups/streetart.jpg', 'Graffiti e arte urbana nel mondo'),
('Escursionismo', 'https://example.com/groups/hiking.jpg', 'Percorsi e attrezzatura per escursionisti'),
('Videomaking', 'https://example.com/groups/videomaking.jpg', 'Tecniche e consigli per video creator'),
('Ceramica Artistica', 'https://example.com/groups/ceramics.jpg', 'Lavorazione della ceramica e tecniche'),
('Fotografia Notturna', 'https://example.com/groups/nightphoto.jpg', 'Scatti e tecniche per foto notturne'),
('Medicina Naturale', 'https://example.com/groups/naturalmedicine.jpg', 'Rimedi e terapie naturali'),
('Scacchi', 'https://example.com/groups/chess.jpg', 'Tornei e strategie per giocatori di scacchi'),
('Fotografia Subacquea', 'https://example.com/groups/underwater.jpg', 'Il mondo sottomarino attraverso la fotografia'),
('Calligrafia', 'https://example.com/groups/calligraphy.jpg', 'L arte della bella scrittura'),
('Minimalismo', 'https://example.com/groups/minimalism.jpg', 'Vivere con meno e meglio'),
('Tatuaggi Artistici', 'https://example.com/groups/tattoos.jpg', 'Idee e artisti del tatuaggio'),
('Fotografia di Moda', 'https://example.com/groups/fashionphoto.jpg', 'Backstage e tecniche per fotografia di moda'),
('Vino e Degustazione', 'https://example.com/groups/wine.jpg', 'Degustazioni e abbinamenti con il vino'),
('Droni e Fotografia Aerea', 'https://example.com/groups/drones.jpg', 'Piloti di droni e fotografia aerea'),
('Arte Concettuale', 'https://example.com/groups/conceptualart.jpg', 'Discussioni su arte concettuale e contemporanea'),
('Birdwatching', 'https://example.com/groups/birdwatching.jpg', 'Osservazione e riconoscimento degli uccelli'),
('Fotografia Analogica', 'https://example.com/groups/filmphoto.jpg', 'La magia della fotografia su pellicola'),
('Arte Terapia', 'https://example.com/groups/arttherapy.jpg', 'L uso dell arte come strumento terapeutico');

INSERT INTO GRUPPO_HAS_UTENTE (ID_Gruppo, ID_Utente, Amministratore) VALUES
(1, 1, TRUE),
(1, 2, FALSE),
(1, 3, FALSE),
(2, 4, TRUE),
(2, 5, FALSE),
(3, 6, TRUE),
(3, 7, FALSE),
(4, 8, TRUE),
(4, 9, FALSE),
(5, 10, TRUE),
(5, 11, FALSE),
(6, 12, TRUE),
(6, 13, FALSE),
(7, 14, TRUE),
(7, 15, FALSE),
(8, 16, TRUE),
(8, 17, FALSE),
(9, 18, TRUE),
(9, 19, FALSE),
(10, 20, TRUE),
(10, 21, FALSE),
(11, 22, TRUE),
(11, 23, FALSE),
(12, 24, TRUE),
(12, 25, FALSE),
(13, 26, TRUE),
(13, 27, FALSE),
(14, 28, TRUE),
(14, 29, FALSE),
(15, 30, TRUE),
(15, 31, FALSE),
(16, 32, TRUE),
(16, 33, FALSE),
(17, 34, TRUE),
(17, 35, FALSE),
(18, 36, TRUE),
(18, 37, FALSE),
(19, 38, TRUE),
(19, 39, FALSE),
(20, 40, TRUE),
(20, 41, FALSE),
(21, 42, TRUE),
(21, 43, FALSE),
(22, 44, TRUE),
(22, 45, FALSE),
(23, 46, TRUE),
(23, 47, FALSE),
(24, 48, TRUE),
(24, 49, FALSE),
(25, 50, TRUE);

INSERT INTO MESSAGGIO_DI_GRUPPO (ID_Sender, ID_Gruppo, Data_ora, Contenuto) VALUES
(1, 1, '2023-03-10 10:15:00', 'Ciao a tutti! Sono nuovo nel gruppo e volevo presentarmi. Mi chiamo Alice e amo la fotografia paesaggistica.'),
(2, 1, '2023-03-10 10:30:00', 'Benvenuta Alice! Condividi con noi qualche tuo scatto quando vuoi.'),
(3, 1, '2023-03-10 11:45:00', 'Qualcuno ha esperienza con la fotografia notturna? Vorrei qualche consiglio.'),
(4, 2, '2023-03-11 09:20:00', 'Qual è il vostro linguaggio di programmazione preferito? Io adoro Python.'),
(5, 2, '2023-03-11 10:10:00', 'Python è ottimo! Io però preferisco JavaScript per lo sviluppo web.'),
(6, 3, '2023-03-12 14:30:00', 'Ragazzi, consigli per un viaggio low-cost in Europa?'),
(7, 3, '2023-03-12 15:45:00', 'Ti consiglio la Romania! Bellissima e economica.'),
(8, 4, '2023-03-13 18:20:00', 'Avete ricette veloci per cena? Ho ospiti all ultimo minuto!'),
(9, 4, '2023-03-13 19:05:00', 'Pasta al pesto con pomodorini è sempre un successo!'),
(10, 5, '2023-03-14 20:15:00', 'Conoscete band indie italiane emergenti?'),
(11, 5, '2023-03-14 21:30:00', 'Ti consiglio di ascoltare "I Cani", sono fantastici!'),
(12, 6, '2023-03-15 22:10:00', 'Qual è il miglior film di Kubrick secondo voi?'),
(13, 6, '2023-03-15 23:05:00', '2001: Odissea nello spazio, senza dubbio!'),
(14, 7, '2023-03-16 07:30:00', 'Buongiorno! Qualcuno vuole condividere la sua routine mattutina?'),
(15, 7, '2023-03-16 08:45:00', 'Io faccio 20 minuti di yoga e poi una colazione proteica.'),
(16, 8, '2023-03-17 12:20:00', 'Sto cercando un libro avvincente, consigli?'),
(17, 8, '2023-03-17 13:15:00', '"Il nome della rosa" di Eco è un capolavoro!'),
(18, 9, '2023-03-18 15:40:00', 'Quale tablet consigliate per il digital art?'),
(19, 9, '2023-03-18 16:50:00', 'iPad Pro con Apple Pencil è il top!'),
(20, 10, '2023-03-19 17:30:00', 'Come posso coltivare erbe aromatiche sul balcone?'),
(21, 10, '2023-03-19 18:20:00', 'Inizia con basilico e prezzemolo, sono facili!'),
(22, 11, '2023-03-20 19:10:00', 'Qualcuno ha esperienza con crowdfunding per startup?'),
(23, 11, '2023-03-20 20:25:00', 'Io ho usato Kickstarter con successo, chiedimi pure!'),
(24, 12, '2023-03-21 06:15:00', 'Meditate prima o dopo lo yoga?'),
(25, 12, '2023-03-21 07:30:00', 'Io preferisco dopo, quando sono già rilassato.'),
(26, 13, '2023-03-22 09:45:00', 'Condivido questa foto dalla Thailandia! Che ne pensate?'),
(27, 13, '2023-03-22 10:50:00', 'Fantastica composizione! I colori sono incredibili.'),
(28, 14, '2023-03-23 11:20:00', 'Come superate il blocco dello scrittore?'),
(29, 14, '2023-03-23 12:35:00', 'Fai una passeggiata e torna con mente fresca.'),
(30, 15, '2023-03-24 13:40:00', 'Quale tecnologia pensate rivoluzionerà il futuro?'),
(31, 15, '2023-03-24 14:55:00', 'L IA generativa sta già cambiando tutto!'),
(32, 16, '2023-03-25 15:30:00', 'Dove trovare vestiti sostenibili a prezzi accessibili?'),
(33, 16, '2023-03-25 16:45:00', 'Prova i mercatini dell usato, ottimi affari!'),
(34, 17, '2023-03-26 17:20:00', 'Qual è il vostro gioco preferito del momento?'),
(35, 17, '2023-03-26 18:35:00', 'Sto giocando a Elden Ring, è incredibile!'),
(36, 18, '2023-03-27 19:10:00', 'Ricetta per un cocktail estivo rinfrescante?'),
(37, 18, '2023-03-27 20:25:00', 'Mojito fatto in casa, semplice e delizioso!'),
(38, 19, '2023-03-28 21:00:00', 'Architettura moderna vs classica: preferenze?'),
(39, 19, '2023-03-28 22:15:00', 'Amo il contrasto tra le due, quando dialogano bene.'),
(40, 20, '2023-03-29 08:30:00', 'Ecco una foto del mio gatto che fa yoga con me!'),
(41, 20, '2023-03-29 09:45:00', 'Troppo carino! Il mio cane invece distrugge il tappetino.'),
(42, 21, '2023-03-30 10:20:00', 'Eventi astronomici da non perdere questo mese?'),
(43, 21, '2023-03-30 11:35:00', 'Il 15 c è una pioggia di meteoriti!'),
(44, 22, '2023-03-31 12:10:00', 'Qual è il vostro percorso running preferito in città?'),
(45, 22, '2023-03-31 13:25:00', 'Il parco centrale ha un bell anello di 5km perfetto.'),
(46, 23, '2023-04-01 14:00:00', 'Consigli per iniziare con gli acquerelli?'),
(47, 23, '2023-04-01 15:15:00', 'Inizia con carta di qualità e pochi colori base.'),
(48, 24, '2023-04-02 16:20:00', 'Ricette vegan facili per principianti?'),
(49, 24, '2023-04-02 17:35:00', 'Pasta e ceci è semplice, nutriente e deliziosa!'),
(50, 25, '2023-04-03 18:10:00', 'Come riparare uno scaffale traballante?');

INSERT INTO MESSAGGIO_INDIVIDUALE (ID_Sender, ID_Ricevente, Data_ora, Contenuto) VALUES
(1, 2, '2023-03-01 10:15:00', 'Ciao Bob, hai visto l ultimo aggiornamento di Python?'),
(2, 1, '2023-03-01 10:30:00', 'Sì Alice, alcune feature interessanti! Dovremmo provarle.'),
(3, 4, '2023-03-02 11:45:00', 'Diana, ti va di uscire a fare foto questo weekend?'),
(4, 3, '2023-03-02 12:20:00', 'Volentieri Carlo! Ho trovato un posto perfetto.'),
(5, 6, '2023-03-03 13:30:00', 'Frank, hai quel libro che mi avevi consigliato?'),
(6, 5, '2023-03-03 14:15:00', 'Sì Eva, te lo porto domani all incontro.'),
(7, 8, '2023-03-04 15:40:00', 'Harry, hai esperienza con React Native?'),
(8, 7, '2023-03-04 16:25:00', 'Sì Gina, posso aiutarti con quel progetto.'),
(9, 10, '2023-03-05 17:50:00', 'Jack, quando ci vediamo per l allenamento?'),
(10, 9, '2023-03-05 18:35:00', 'Domani alle 7 al solito posto Iris!'),
(11, 12, '2023-03-06 19:20:00', 'Leo, hai prenotato i biglietti per il concerto?'),
(12, 11, '2023-03-06 20:05:00', 'Sì Kate, li ho presi oggi pomeriggio!'),
(13, 14, '2023-03-07 21:30:00', 'Nick, mi passi gli appunti di ieri?'),
(14, 13, '2023-03-07 22:15:00', 'Eccoli Mia, ti mando il file stasera.'),
(15, 16, '2023-03-08 08:40:00', 'Olivia, hai visto l ultimo articolo sul calciomercato?'),
(16, 15, '2023-03-08 09:25:00', 'Sì Paul, discutiamone a pranzo!'),
(17, 18, '2023-03-09 10:50:00', 'Quinn, hai tempo per rivedere il mio articolo?'),
(18, 17, '2023-03-09 11:35:00', 'Certo Rachel, mandamelo pure.'),
(19, 20, '2023-03-10 12:20:00', 'Sam, hai finito di preparare la lezione?'),
(20, 19, '2023-03-10 13:05:00', 'Quasi Tina, mancano solo gli esercizi.'),
(21, 22, '2023-03-11 14:30:00', 'Ugo, ci sei stasera alla cena?'),
(22, 21, '2023-03-11 15:15:00', 'Sì Vicky, arrivo direttamente dal lavoro.'),
(23, 24, '2023-03-12 16:40:00', 'Will, hai quel contatto dell editore?'),
(24, 23, '2023-03-12 17:25:00', 'Te lo mando ora Xena, controlla le email.'),
(25, 26, '2023-03-13 18:50:00', 'Yuri, giochiamo stasera online?'),
(26, 25, '2023-03-13 19:35:00', 'Certo Zoe, alle 21 va bene?'),
(27, 28, '2023-03-14 20:20:00', 'Adam, hai visto la nuova serie su Netflix?'),
(28, 27, '2023-03-14 21:05:00', 'Sì Bella, è fantastica! La finiremo stasera?'),
(29, 30, '2023-03-15 08:30:00', 'Carl, mi aiuti a sistemare il codice?'),
(30, 29, '2023-03-15 09:15:00', 'Certo Daisy, passi dopo le 11?'),
(31, 32, '2023-03-16 10:40:00', 'Eddie, prova il nuovo ristorante giapponese?'),
(32, 31, '2023-03-16 11:25:00', 'Sì Fiona, sushi eccezionale! Ci andiamo insieme?'),
(33, 34, '2023-03-17 12:50:00', 'George, hai finito il montaggio del video?'),
(34, 33, '2023-03-17 13:35:00', 'Quasi Hannah, manca solo la colonna sonora.'),
(35, 36, '2023-03-18 14:20:00', 'Ivan, mi consigli un antivirus?'),
(36, 35, '2023-03-18 15:05:00', 'Bitdefender è ottimo Jill, te lo installo io.'),
(37, 38, '2023-03-19 16:30:00', 'Kevin, hai notizie sulla conferenza?'),
(38, 37, '2023-03-19 17:15:00', 'Sì Lily, è stata posticipata a maggio.'),
(39, 40, '2023-03-20 18:40:00', 'Mike, controlli il mio piano di investimenti?'),
(40, 39, '2023-03-20 19:25:00', 'Certo Nina, passami i dettagli.'),
(41, 42, '2023-03-21 20:10:00', 'Oscar, hai prenotato l albergo per il viaggio?'),
(42, 41, '2023-03-21 20:55:00', 'Sì Paula, tutto confermato!'),
(43, 44, '2023-03-22 21:30:00', 'Quentin, quando ci mostri le nuove foto?'),
(44, 43, '2023-03-22 22:15:00', 'Domani Rose, sto finendo la selezione.'),
(45, 46, '2023-03-23 08:40:00', 'Steve, hai il contatto del tecnico del suono?'),
(46, 45, '2023-03-23 09:25:00', 'Te lo mando ora Tara, è molto bravo.'),
(47, 48, '2023-03-24 10:50:00', 'Ulysses, ci sei alla riunione di domani?'),
(48, 47, '2023-03-24 11:35:00', 'Sì Violet, arrivo direttamente dall aeroporto.'),
(49, 50, '2023-03-25 12:20:00', 'Walter, hai visto il mio ultimo articolo?'),
(50, 49, '2023-03-25 13:05:00', 'Bellissimo Xander, complimenti per lo stile!');

INSERT INTO REAZIONE (ID_Reazione, Label) VALUES
(1, 'Mi piace'),
(2, 'Amore'),
(3, 'Divertente'),
(4, 'Wow'),
(5, 'Triste'),
(6, 'Ira');

INSERT INTO POST (ID_Autore, Data_ora, ID_Autore_fonte, Data_ora_fonte, Contenuto, Sensibile, Modificato) VALUES
(1, '2023-03-01 08:15:00', NULL, NULL, 'Buongiorno mondo! Oggi è una giornata perfetta per scattare foto. #fotografia #mattina', FALSE, FALSE),
(2, '2023-03-01 09:30:00', NULL, NULL, 'Ho appena finito di scrivere un nuovo algoritmo. Funziona perfettamente al primo tentativo! #programmazione #successo', FALSE, FALSE),
(3, '2023-03-02 10:45:00', NULL, NULL, 'Condivido questa mia nuova composizione musicale. Link nei commenti! #musica #compositore', FALSE, FALSE),
(4, '2023-03-02 12:00:00', NULL, NULL, 'Oggi primo giorno di tirocinio in ospedale. Emozionatissima! #medicina #futuromedico', FALSE, FALSE),
(5, '2023-03-03 13:15:00', NULL, NULL, 'Nuova illustrazione digitale appena completata. Cosa ne pensate? #arte #digitale', FALSE, TRUE),
(6, '2023-03-03 14:30:00', NULL, NULL, 'Sto lavorando a un nuovo romanzo. L ispirazione è arrivata! #scrittura #libri', FALSE, FALSE),
(7, '2023-03-04 15:45:00', NULL, NULL, 'Ricetta del giorno: risotto allo zafferano con seppie. Foto nei commenti! #cucina #foodblogger', FALSE, FALSE),
(8, '2023-03-04 17:00:00', NULL, NULL, 'Problemi con React Native. Qualcuno può aiutarmi? #programmazione #mobile', FALSE, FALSE),
(9, '2023-03-05 18:15:00', NULL, NULL, 'Scattata questa foto al tramonto. La luce era perfetta! #fotografia #paesaggio', FALSE, FALSE),
(10, '2023-03-05 19:30:00', NULL, NULL, 'Allenamento completato: 10km in 45 minuti! Nuovo record personale. #fitness #running', FALSE, FALSE),
(11, '2023-03-06 20:45:00', NULL, NULL, 'Prenotato il biglietto per il concerto dei Coldplay! Non vedo l ora. #musica #live', FALSE, FALSE),
(12, '2023-03-06 22:00:00', NULL, NULL, 'Ho appena aggiornato il mio PC gaming. Finalmente posso giocare in 4K! #gaming #tecnologia', FALSE, FALSE),
(13, '2023-03-07 08:15:00', NULL, NULL, 'Esame superato con 30 e lode! Tutto lo studio è valso la pena. #università #successo', FALSE, FALSE),
(14, '2023-03-07 09:30:00', NULL, NULL, 'Nuovo progetto di sviluppo web iniziato oggi. Idee innovative in arrivo! #webdesign #programmazione', FALSE, FALSE),
(15, '2023-03-08 10:45:00', NULL, NULL, 'Intervista esclusiva con un calciatore famoso in arrivo sul mio blog! #giornalismo #sport', FALSE, FALSE),
(16, '2023-03-08 12:00:00', NULL, NULL, 'Letto "Il potere dell abitudine". Consigliatissimo per chi vuole cambiare vita! #libri #crescita', FALSE, FALSE),
(17, '2023-03-09 13:15:00', NULL, NULL, 'Il mio nuovo articolo sull attivismo ambientale è online! Link in bio. #scrittura #ambiente', FALSE, FALSE),
(18, '2023-03-09 14:30:00', NULL, NULL, 'Oggi lezione di chitarra con i miei studenti più talentuosi. Adoro insegnare! #musica #insegnamento', FALSE, FALSE),
(19, '2023-03-10 15:45:00', NULL, NULL, 'Nuova collezione di abiti in arrivo sul mio negozio online! #moda #design', FALSE, FALSE),
(20, '2023-03-10 17:00:00', NULL, NULL, 'Problemi con il mio impianto idraulico. Consigli per un buon idraulico? #faiDate #casa', FALSE, FALSE),
(21, '2023-03-11 18:15:00', NULL, NULL, 'Aperto il mio nuovo ristorante! Venite a provare la nostra cucina. #food #imprenditore', FALSE, FALSE),
(22, '2023-03-11 19:30:00', NULL, NULL, 'Nuovo video sul mio canale YouTube: "Come creare un portfolio digitale". #contentcreator #youtube', FALSE, FALSE),
(23, '2023-03-12 20:45:00', NULL, NULL, 'Investimento riuscito nel settore tech. Il futuro è digitale! #finanza #tecnologia', FALSE, FALSE),
(24, '2023-03-12 22:00:00', NULL, NULL, 'Trovato questo gattino abbandonato. Ora fa parte della famiglia! #animali #adozione', TRUE, FALSE),
(25, '2023-03-13 08:15:00', NULL, NULL, 'Live streaming stasera alle 21:00 su Twitch. Giochiamo a Elden Ring! #gaming #streamer', FALSE, FALSE),
(26, '2023-03-13 09:30:00', NULL, NULL, 'La mia nuova mostra fotografica apre domani! Tutti invitati. #fotografia #arte', FALSE, FALSE),
(27, '2023-03-14 10:45:00', NULL, NULL, 'Pubblicato il mio primo romanzo fantasy! Link per l acquisto in bio. #scrittore #libri', FALSE, FALSE),
(28, '2023-03-14 12:00:00', NULL, NULL, 'Sfilata di moda ieri sera. Ero la modella di apertura! #moda #model', TRUE, FALSE),
(29, '2023-03-15 13:15:00', NULL, NULL, 'Progetto di ingegneria completato con successo. Team fantastico! #ingegneria #lavoro', FALSE, FALSE),
(30, '2023-03-15 14:30:00', NULL, NULL, 'Le ultime novità in arrivo nel mondo dell IA. Articolo completo sul mio blog. #tecnologia #AI', FALSE, FALSE),
(31, '2023-03-16 15:45:00', NULL, NULL, 'Concerto di beneficenza stasera. Tutti i fondi andranno alla ricerca sul cancro. #musica #beneficenza', FALSE, FALSE),
(32, '2023-03-16 17:00:00', NULL, NULL, 'Ricetta vegan del giorno: burger di lenticchie. Provatela! #vegan #cucina', FALSE, FALSE),
(33, '2023-03-17 18:15:00', NULL, NULL, 'Nuovo cortometraggio che ho diretto ora online! Link nei commenti. #cinema #regista', FALSE, FALSE),
(34, '2023-03-17 19:30:00', NULL, NULL, 'Lezione di yoga gratuita domani al parco. Portate il vostro tappetino! #yoga #benessere', FALSE, FALSE),
(35, '2023-03-18 20:45:00', NULL, NULL, 'Violento scontro tra tifosi allo stadio oggi. Ecco il mio reportage. #giornalismo #calcio', TRUE, FALSE),
(36, '2023-03-18 22:00:00', NULL, NULL, 'Mixology class domani sera. Impareremo a fare cocktail perfetti! #cocktail #mixology', FALSE, FALSE),
(37, '2023-03-19 08:15:00', NULL, NULL, 'Il mio nuovo progetto architettonico ha vinto un premio! #architettura #design', FALSE, FALSE),
(38, '2023-03-19 09:30:00', NULL, NULL, 'Adottato questo cucciolo oggi. Come dovrei chiamarlo? #animali #cane', FALSE, FALSE),
(39, '2023-03-20 10:45:00', NULL, NULL, 'Eclissi lunare ieri sera. Ecco le mie foto migliori! #astronomia #fotografia', FALSE, FALSE),
(40, '2023-03-20 12:00:00', NULL, NULL, 'Maratona cittadina completata in 3 ore e 45 minuti! #running #sport', FALSE, FALSE),
(41, '2023-03-21 13:15:00', NULL, NULL, 'Tutorial di acquerello per principianti ora sul mio canale. #arte #tutorial', FALSE, FALSE),
(42, '2023-03-21 14:30:00', NULL, NULL, 'Intervista con un sopravvissuto alla guerra. Storia toccante. #giornalismo #reportage', TRUE, FALSE),
(43, '2023-03-22 15:45:00', NULL, NULL, 'Mostra di street art nel quartiere. Alcune opere sono incredibili! #arte #streetart', FALSE, FALSE),
(44, '2023-03-22 17:00:00', NULL, NULL, 'Escursione in montagna oggi. Vista mozzafiato! #natura #escursionismo', FALSE, FALSE),
(45, '2023-03-23 18:15:00', NULL, NULL, 'Nuovo episodio del mio podcast online. Parliamo di finanza personale. #podcast #finanza', FALSE, FALSE),
(46, '2023-03-23 19:30:00', NULL, NULL, 'Workshop di ceramica domani. Posti ancora disponibili! #arte #ceramica', FALSE, FALSE),
(47, '2023-03-24 20:45:00', NULL, NULL, 'Foto notturne della città. La luce artificiale crea effetti incredibili. #fotografia #notte', FALSE, FALSE),
(48, '2023-03-24 22:00:00', NULL, NULL, 'Ricetta della nonna: torta di mele perfetta. Condivido i segreti! #cucina #dolci', FALSE, FALSE),
(49, '2023-03-25 08:15:00', NULL, NULL, 'Torneo di scacchi al circolo oggi. Sono arrivato secondo! #scacchi #giochi', FALSE, FALSE),
(50, '2023-03-25 09:30:00', NULL, NULL, 'Immersione subacquea oggi. Il mondo sottomarino è magico! #subacqueo #natura', FALSE, FALSE);

INSERT INTO POST_HAS_TAG (Label, ID_Autore, Data_ora) VALUES
('fotografia', 1, '2023-03-01 08:15:00'),
('mattina', 1, '2023-03-01 08:15:00'),
('programmazione', 2, '2023-03-01 09:30:00'),
('successo', 2, '2023-03-01 09:30:00'),
('musica', 3, '2023-03-02 10:45:00'),
('compositore', 3, '2023-03-02 10:45:00'),
('medicina', 4, '2023-03-02 12:00:00'),
('futuromedico', 4, '2023-03-02 12:00:00'),
('arte', 5, '2023-03-03 13:15:00'),
('digitale', 5, '2023-03-03 13:15:00'),
('scrittura', 6, '2023-03-03 14:30:00'),
('libri', 6, '2023-03-03 14:30:00'),
('cucina', 7, '2023-03-04 15:45:00'),
('foodblogger', 7, '2023-03-04 15:45:00'),
('programmazione', 8, '2023-03-04 17:00:00'),
('mobile', 8, '2023-03-04 17:00:00'),
('fotografia', 9, '2023-03-05 18:15:00'),
('paesaggio', 9, '2023-03-05 18:15:00'),
('fitness', 10, '2023-03-05 19:30:00'),
('running', 10, '2023-03-05 19:30:00'),
('musica', 11, '2023-03-06 20:45:00'),
('live', 11, '2023-03-06 20:45:00'),
('gaming', 12, '2023-03-06 22:00:00'),
('tecnologia', 12, '2023-03-06 22:00:00'),
('università', 13, '2023-03-07 08:15:00'),
('successo', 13, '2023-03-07 08:15:00'),
('webdesign', 14, '2023-03-07 09:30:00'),
('programmazione', 14, '2023-03-07 09:30:00'),
('giornalismo', 15, '2023-03-08 10:45:00'),
('sport', 15, '2023-03-08 10:45:00'),
('libri', 16, '2023-03-08 12:00:00'),
('crescita', 16, '2023-03-08 12:00:00'),
('scrittura', 17, '2023-03-09 13:15:00'),
('ambiente', 17, '2023-03-09 13:15:00'),
('musica', 18, '2023-03-09 14:30:00'),
('insegnamento', 18, '2023-03-09 14:30:00'),
('moda', 19, '2023-03-10 15:45:00'),
('design', 19, '2023-03-10 15:45:00'),
('faiDate', 20, '2023-03-10 17:00:00'),
('casa', 20, '2023-03-10 17:00:00'),
('food', 21, '2023-03-11 18:15:00'),
('imprenditore', 21, '2023-03-11 18:15:00'),
('contentcreator', 22, '2023-03-11 19:30:00'),
('youtube', 22, '2023-03-11 19:30:00'),
('finanza', 23, '2023-03-12 20:45:00'),
('tecnologia', 23, '2023-03-12 20:45:00'),
('animali', 24, '2023-03-12 22:00:00'),
('adozione', 24, '2023-03-12 22:00:00'),
('gaming', 25, '2023-03-13 08:15:00'),
('streamer', 25, '2023-03-13 08:15:00');

INSERT INTO MENZIONE (ID_Autore, Data_ora_post, ID_Mentioned) VALUES
(1, '2023-03-01 08:15:00', 2),
(2, '2023-03-01 09:30:00', 3),
(3, '2023-03-02 10:45:00', 4),
(4, '2023-03-02 12:00:00', 5),
(5, '2023-03-03 13:15:00', 6),
(6, '2023-03-03 14:30:00', 7),
(7, '2023-03-04 15:45:00', 8),
(8, '2023-03-04 17:00:00', 9),
(9, '2023-03-05 18:15:00', 10),
(10, '2023-03-05 19:30:00', 11),
(11, '2023-03-06 20:45:00', 12),
(12, '2023-03-06 22:00:00', 13),
(13, '2023-03-07 08:15:00', 14),
(14, '2023-03-07 09:30:00', 15),
(15, '2023-03-08 10:45:00', 16),
(16, '2023-03-08 12:00:00', 17),
(17, '2023-03-09 13:15:00', 18),
(18, '2023-03-09 14:30:00', 19),
(19, '2023-03-10 15:45:00', 20),
(20, '2023-03-10 17:00:00', 21),
(21, '2023-03-11 18:15:00', 22),
(22, '2023-03-11 19:30:00', 23),
(23, '2023-03-12 20:45:00', 24),
(24, '2023-03-12 22:00:00', 25),
(25, '2023-03-13 08:15:00', 26),
(26, '2023-03-13 09:30:00', 27),
(27, '2023-03-14 10:45:00', 28),
(28, '2023-03-14 12:00:00', 29),
(29, '2023-03-15 13:15:00', 30),
(30, '2023-03-15 14:30:00', 31),
(31, '2023-03-16 15:45:00', 32),
(32, '2023-03-16 17:00:00', 33),
(33, '2023-03-17 18:15:00', 34),
(34, '2023-03-17 19:30:00', 35),
(35, '2023-03-18 20:45:00', 36),
(36, '2023-03-18 22:00:00', 37),
(37, '2023-03-19 08:15:00', 38),
(38, '2023-03-19 09:30:00', 39),
(39, '2023-03-20 10:45:00', 40),
(40, '2023-03-20 12:00:00', 41),
(41, '2023-03-21 13:15:00', 42),
(42, '2023-03-21 14:30:00', 43),
(43, '2023-03-22 15:45:00', 44),
(44, '2023-03-22 17:00:00', 45),
(45, '2023-03-23 18:15:00', 46),
(46, '2023-03-23 19:30:00', 47),
(47, '2023-03-24 20:45:00', 48),
(48, '2023-03-24 22:00:00', 49),
(49, '2023-03-25 08:15:00', 50),
(50, '2023-03-25 09:30:00', 1);

INSERT INTO FEEDBACK (ID_Utente, ID_Autore, Data_ora_post, ID_Reazione, Data_ora) VALUES
(2, 1, '2023-03-01 08:15:00', 1, '2023-03-01 08:30:00'),
(3, 2, '2023-03-01 09:30:00', 2, '2023-03-01 09:45:00'),
(4, 3, '2023-03-02 10:45:00', 3, '2023-03-02 11:00:00'),
(5, 4, '2023-03-02 12:00:00', 4, '2023-03-02 12:15:00'),
(6, 5, '2023-03-03 13:15:00', 1, '2023-03-03 13:30:00'),
(7, 6, '2023-03-03 14:30:00', 2, '2023-03-03 14:45:00'),
(8, 7, '2023-03-04 15:45:00', 3, '2023-03-04 16:00:00'),
(9, 8, '2023-03-04 17:00:00', 4, '2023-03-04 17:15:00'),
(10, 9, '2023-03-05 18:15:00', 1, '2023-03-05 18:30:00'),
(11, 10, '2023-03-05 19:30:00', 2, '2023-03-05 19:45:00'),
(12, 11, '2023-03-06 20:45:00', 3, '2023-03-06 21:00:00'),
(13, 12, '2023-03-06 22:00:00', 4, '2023-03-06 22:15:00'),
(14, 13, '2023-03-07 08:15:00', 1, '2023-03-07 08:30:00'),
(15, 14, '2023-03-07 09:30:00', 2, '2023-03-07 09:45:00'),
(16, 15, '2023-03-08 10:45:00', 3, '2023-03-08 11:00:00'),
(17, 16, '2023-03-08 12:00:00', 4, '2023-03-08 12:15:00'),
(18, 17, '2023-03-09 13:15:00', 1, '2023-03-09 13:30:00'),
(19, 18, '2023-03-09 14:30:00', 2, '2023-03-09 14:45:00'),
(20, 19, '2023-03-10 15:45:00', 3, '2023-03-10 16:00:00'),
(21, 20, '2023-03-10 17:00:00', 4, '2023-03-10 17:15:00'),
(22, 21, '2023-03-11 18:15:00', 1, '2023-03-11 18:30:00'),
(23, 22, '2023-03-11 19:30:00', 2, '2023-03-11 19:45:00'),
(24, 23, '2023-03-12 20:45:00', 3, '2023-03-12 21:00:00'),
(25, 24, '2023-03-12 22:00:00', 4, '2023-03-12 22:15:00'),
(26, 25, '2023-03-13 08:15:00', 1, '2023-03-13 08:30:00'),
(27, 26, '2023-03-13 09:30:00', 2, '2023-03-13 09:45:00'),
(28, 27, '2023-03-14 10:45:00', 3, '2023-03-14 11:00:00'),
(29, 28, '2023-03-14 12:00:00', 4, '2023-03-14 12:15:00'),
(30, 29, '2023-03-15 13:15:00', 1, '2023-03-15 13:30:00'),
(31, 30, '2023-03-15 14:30:00', 2, '2023-03-15 14:45:00'),
(32, 31, '2023-03-16 15:45:00', 3, '2023-03-16 16:00:00'),
(33, 32, '2023-03-16 17:00:00', 4, '2023-03-16 17:15:00'),
(34, 33, '2023-03-17 18:15:00', 1, '2023-03-17 18:30:00'),
(35, 34, '2023-03-17 19:30:00', 2, '2023-03-17 19:45:00'),
(36, 35, '2023-03-18 20:45:00', 3, '2023-03-18 21:00:00'),
(37, 36, '2023-03-18 22:00:00', 4, '2023-03-18 22:15:00'),
(38, 37, '2023-03-19 08:15:00', 1, '2023-03-19 08:30:00'),
(39, 38, '2023-03-19 09:30:00', 2, '2023-03-19 09:45:00'),
(40, 39, '2023-03-20 10:45:00', 3, '2023-03-20 11:00:00'),
(41, 40, '2023-03-20 12:00:00', 4, '2023-03-20 12:15:00'),
(42, 41, '2023-03-21 13:15:00', 1, '2023-03-21 13:30:00'),
(43, 42, '2023-03-21 14:30:00', 2, '2023-03-21 14:45:00'),
(44, 43, '2023-03-22 15:45:00', 3, '2023-03-22 16:00:00'),
(45, 44, '2023-03-22 17:00:00', 4, '2023-03-22 17:15:00'),
(46, 45, '2023-03-23 18:15:00', 1, '2023-03-23 18:30:00'),
(47, 46, '2023-03-23 19:30:00', 2, '2023-03-23 19:45:00'),
(48, 47, '2023-03-24 20:45:00', 3, '2023-03-24 21:00:00'),
(49, 48, '2023-03-24 22:00:00', 4, '2023-03-24 22:15:00'),
(50, 49, '2023-03-25 08:15:00', 1, '2023-03-25 08:30:00'),
(1, 50, '2023-03-25 09:30:00', 2, '2023-03-25 09:45:00');

INSERT INTO GRUPPO_HAS_UTENTE (ID_Gruppo, ID_Utente, Amministratore) VALUES
-- Gruppo 1: Fotografia Amatoriale (10 membri totali)
(1, 4, FALSE),
(1, 5, FALSE),
(1, 6, FALSE),
(1, 7, FALSE),
(1, 8, FALSE),
(1, 9, FALSE),
(1, 10, FALSE),
(1, 11, FALSE),
(1, 12, FALSE),

-- Gruppo 2: Programmatori Italiani (12 membri totali)
(2, 6, FALSE),
(2, 7, FALSE),
(2, 8, FALSE),
(2, 9, FALSE),
(2, 10, FALSE),
(2, 11, FALSE),
(2, 12, FALSE),
(2, 13, FALSE),
(2, 14, FALSE),
(2, 15, FALSE),
(2, 16, FALSE),

-- Gruppo 3: Viaggiatori Instancabili (8 membri totali)
(3, 8, FALSE),
(3, 9, FALSE),
(3, 10, FALSE),
(3, 11, FALSE),
(3, 12, FALSE),
(3, 13, FALSE),
(3, 14, FALSE),

-- Gruppo 4: Cucina Creativa (7 membri totali)
(4, 10, FALSE),
(4, 11, FALSE),
(4, 12, FALSE),
(4, 13, FALSE),
(4, 14, FALSE),
(4, 15, FALSE),

-- Gruppo 5: Musica Indipendente (9 membri totali)
(5, 12, FALSE),
(5, 13, FALSE),
(5, 14, FALSE),
(5, 15, FALSE),
(5, 16, FALSE),
(5, 17, FALSE),
(5, 18, FALSE),
(5, 19, FALSE),

-- Gruppo 6: Cinema Classico (6 membri totali)
(6, 14, FALSE),
(6, 15, FALSE),
(6, 16, FALSE),
(6, 17, FALSE),
(6, 18, FALSE),

-- Gruppo 7: Fitness a Casa (10 membri totali)
(7, 16, FALSE),
(7, 17, FALSE),
(7, 18, FALSE),
(7, 19, FALSE),
(7, 20, FALSE),
(7, 21, FALSE),
(7, 22, FALSE),
(7, 23, FALSE),
(7, 24, FALSE),

-- Gruppo 8: Libri da Leggere (8 membri totali)
(8, 18, FALSE),
(8, 19, FALSE),
(8, 20, FALSE),
(8, 21, FALSE),
(8, 22, FALSE),
(8, 23, FALSE),
(8, 24, FALSE),

-- Gruppo 9: Arte Digitale (7 membri totali)
(9, 20, FALSE),
(9, 21, FALSE),
(9, 22, FALSE),
(9, 23, FALSE),
(9, 24, FALSE),
(9, 25, FALSE),

-- Gruppo 10: Giardinaggio Urbano (5 membri totali)
(10, 22, FALSE),
(10, 23, FALSE),
(10, 24, FALSE),
(10, 25, FALSE),

-- Gruppo 11: Startup Italia (12 membri totali)
(11, 24, FALSE),
(11, 25, FALSE),
(11, 26, FALSE),
(11, 27, FALSE),
(11, 28, FALSE),
(11, 29, FALSE),
(11, 30, FALSE),
(11, 31, FALSE),
(11, 32, FALSE),
(11, 33, FALSE),
(11, 34, FALSE),

-- Gruppo 12: Yoga e Meditazione (9 membri totali)
(12, 26, FALSE),
(12, 27, FALSE),
(12, 28, FALSE),
(12, 29, FALSE),
(12, 30, FALSE),
(12, 31, FALSE),
(12, 32, FALSE),
(12, 33, FALSE),

-- Gruppo 13: Fotografia di Viaggio (7 membri totali)
(13, 28, FALSE),
(13, 29, FALSE),
(13, 30, FALSE),
(13, 31, FALSE),
(13, 32, FALSE),
(13, 33, FALSE),

-- Gruppo 14: Scrittura Creativa (6 membri totali)
(14, 30, FALSE),
(14, 31, FALSE),
(14, 32, FALSE),
(14, 33, FALSE),
(14, 34, FALSE),

-- Gruppo 15: Tecnologia Futuristica (15 membri totali)
(15, 32, FALSE),
(15, 33, FALSE),
(15, 34, FALSE),
(15, 35, FALSE),
(15, 36, FALSE),
(15, 37, FALSE),
(15, 38, FALSE),
(15, 39, FALSE),
(15, 40, FALSE),
(15, 41, FALSE),
(15, 42, FALSE),
(15, 43, FALSE),
(15, 44, FALSE),
(15, 45, FALSE),

-- Gruppo 16: Moda Sostenibile (8 membri totali)
(16, 34, FALSE),
(16, 35, FALSE),
(16, 36, FALSE),
(16, 37, FALSE),
(16, 38, FALSE),
(16, 39, FALSE),
(16, 40, FALSE),

-- Gruppo 17: Gaming Italiano (12 membri totali)
(17, 36, FALSE),
(17, 37, FALSE),
(17, 38, FALSE),
(17, 39, FALSE),
(17, 40, FALSE),
(17, 41, FALSE),
(17, 42, FALSE),
(17, 43, FALSE),
(17, 44, FALSE),
(17, 45, FALSE),
(17, 46, FALSE),

-- Gruppo 18: Cocktail e Mixology (6 membri totali)
(18, 38, FALSE),
(18, 39, FALSE),
(18, 40, FALSE),
(18, 41, FALSE),
(18, 42, FALSE),

-- Gruppo 19: Architettura Moderna (5 membri totali)
(19, 40, FALSE),
(19, 41, FALSE),
(19, 42, FALSE),
(19, 43, FALSE),

-- Gruppo 20: Animali Domestici (10 membri totali)
(20, 42, FALSE),
(20, 43, FALSE),
(20, 44, FALSE),
(20, 45, FALSE),
(20, 46, FALSE),
(20, 47, FALSE),
(20, 48, FALSE),
(20, 49, FALSE),
(20, 50, FALSE);